[
  {
    "id": 1,
    "name": "Tiệm Tí Hon - Chi nhánh 1",
    "image": "https://zalo-miniapp.github.io/zaui-market/dummy/product/apples.png",
    "address": "Z06, Số 13, Tân Thuận Đông, Quận 7, Thành phố Hồ Chí Minh, Việt Nam",
    "location": {
      "lat": 10.768746,
      "lng": 106.728228
    }
  },
  {
    "id": 2,
    "name": "Tiệm Tí Hon - Chi nhánh 2",
    "image": "https://zalo-miniapp.github.io/zaui-market/dummy/product/apples.png",
    "address": "Z06, Số 13, Tân Thuận Đông, Quận 7, Thành phố Hồ Chí Minh, Việt Nam",
    "location": {
      "lat": 10.768746,
      "lng": 106.728228
    }
  }
]
